for$his,best$known$for,known$as,born$june,known$for,is$also,such$as,his$work,american$comic$book,born$is,born$october,june$is,is$best$known,october$is,writer$and,comic$book$artist
won,time,summer$olympics,competed,event,represented,championships,european,german,women,international,record,games,number,swimmer,place,states
one$of,of$his,where$he,an$italian,into$the,he$also,italian$painter,was$one,the$most,part$of,hall$of,of$fame,painter$of,in$his,november$was,active$in
the$united,from$the,house$of,university$of,was$elected,the$university,he$served,of$representatives,the$state,the$house,elected$as,and$served,elected$to,graduated$from,his$death
june,july,april,november,february,called,british,john,union,radio,life,english,brother,west
club,championship,senior,county,retired,medal,ireland,football,made,winning,medals,doubles,final,plays,tennis,round,cup
painter,december,de,italian,worked,active,san,died,married,early,period,painted,art,century,studied,works,london,native,giovanni
professional,season,league,tour,year,playing,australian,coach,made,game,debut,australia,rugby,footballer,games,baseball,win,cricket
won$the,the$summer$olympics,the$world,he$won,the$and,the$year,summer$olympics$in,competed$in,and$in,she$also,born$march,the$european,in$at,is$retired,tennis$player,team$in
comics,best$known,comic$book,fashion,writer,designer,award,manga,comic,hall,magazine,paul,based,character,illustrator,long
is$japanese,is$the,japanese$voice,pornographic$actress,she$is,born$november,voice$actress,born$august,american$pornographic,born$february,born$july,voice$actor,november$is,born$may,actress$and,born$december,august$is,july$is,february$is
new$york,she$was,he$has,born$september,has$been,by$the,september$is,as$well,well$as,born$april,in$she,and$has,she$has,appeared$in,the$first,for$her,in$new,fashion$designer,worked$as
governor$of,was$the,the$th,president$of,prime$minister,minister$of,world$war,politician$who,january$was,and$politician,mayor$of,and$as,march$was,who$served,the$canadian,general$election,director$of,to$his
in$his,with$the,he$played,and$was,by$the,high$school,played$in,played$for,the$season,an$australian,is$former,and$in,was$named,the$club,he$made,his$first,who$played,also$played
march,war,house,law,republican,senate,john,representatives,democratic,missouri,district,florida,congress,william,senator
was$born,and$he,to$he,to$and,who$was,was$also,was$appointed,was$member,he$became,died$in,between$and,october$was,that$he,he$died,which$he,was$elected
president,election,mayor,canadian,minister,general,appointed,council,parliament,government,prime,political,canada,term,conservative,deputy,years
school,city,york,high,college,years,california,attended,major,basketball,family,public,began,part,received,ohio,led
he$also,his$career,with$his,the$national,all$ireland,when$he,born$january,age$of,as$one,during$his,the$age,by$his,an$irish,january$is,on$to,senior$team,the$next,following$the
voice,film,model,adult,director,japan,stage,awards,television,comedian,appeared,show,films,video,star,comedy,prefecture
