nevertrump,going,delegates,even,cant,america,terrible,republican,never,would,campaign,donald,melania,night
floor,trumptrain,want,party,terrible,president,first,next,trump2016,never,convention,would,clinton,donald,night
republican,clinton,want,make,terrible,america,nevertrump,lost,delegates,going,people,next,trump2016,great,never,trumptrain,convention,look,vote,campaign,melania,donaldtrump,gopconvention,pence,melania$trump
great,trump,gopconvention,party,terrible,america,like,lost,delegates,want,makes,pence,never,look,would,people,campaign,melania,rncincle,next,vote
rncincle,make,party,first,people,makes,next,trump2016,great,never,trumptrain,convention,look,clinton,vote,campaign,donald,melania$trump
make,convention,republican,like,lost,going,first,people,trump2016,never,look,would,pence,hillary,campaign,donald,melania,vote,melania$trump
donaldtrump,lost,want,republican,terrible,america,first,makes,look,would,clinton,melania,rncincle,hillary
clinton,president,like,even,lost,delegates,going,first,makes,trump2016,convention,hillary,donald,melania,gopconvention,vote,melania$trump
trump,donald,president,want,make,party,terrible,america,cant,lost,like,people,next,trump2016,never,trumptrain,look,clinton,vote,campaign,melania,night,rncincle,donaldtrump,gopconvention,hillary
make,floor,party,republican,terrible,people,america,delegates,like,makes,trump2016,trumptrain,convention,look,clinton,vote,donald,night,rncincle,melania$trump
convention,party,want,floor,republican,america,going,first,president,next,trump2016,pence,hillary,campaign,donald,night,donaldtrump,gopconvention,vote,melania$trump
donald,people,convention,delegates,floor,first,america,nevertrump,lost,like,next,never,look,hillary,vote,campaign,donaldtrump,pence
president,want,make,party,terrible,america,cant,nevertrump,delegates,first,people,gopconvention,trump2016,trumptrain,next,clinton,vote,campaign,donald,melania,hillary,melania$trump
rncincle,first,make,going,terrible,president,cant,nevertrump,people,makes,trump2016,never,trumptrain,look,would,vote,donald,melania,melania$trump
vote,want,floor,america,cant,even,lost,delegates,going,president,makes,next,never,trumptrain,look,would,clinton,campaign
want,floor,party,america,cant,even,going,people,never,trumptrain,would,next,clinton,melania,makes
night,lost,even,cant,like,floor,america,next,never,hillary,vote,melania,gopconvention,people
melania,president,clinton,want,party,lost,first,people,never,trumptrain,look,hillary,vote,donald,gopconvention,pence
president,floor,terrible,people,america,even,lost,delegates,like,makes,trump2016,never,convention,look,hillary,melania$trump
floor,terrible,like,cant,even,delegates,going,makes,great,never,trumptrain,look,clinton,pence,hillary,campaign,donald,donaldtrump,gopconvention,vote
party,republican,president,floor,make,america,nevertrump,lost,first,like,pence,makes,gopconvention,great,never,trumptrain,would,next,vote,donald,melania$trump
vote,donaldtrump,make,party,republican,terrible,america,like,first,want,makes,pence,great,never,look,would,clinton,hillary,night,rncincle,next,people,melania$trump
trump,campaign,republican,terrible,cant,nevertrump,even,lost,delegates,like,makes,next,trump2016,never,trumptrain,convention,pence,hillary
makes,pence,president,want,floor,make,terrible,going,cant,like,next,never,clinton,hillary,campaign,melania,gopconvention,people
president,make,terrible,people,even,lost,going,first,makes,great,look,would,donaldtrump,hillary,melania$trump
president,delegates,want,floor,party,republican,terrible,nevertrump,even,lost,first,people,makes,never,trumptrain,convention,look,next,campaign,night,melania$trump
want,floor,party,republican,terrible,people,america,nevertrump,delegates,first,like,gopconvention,trumptrain,convention,look,donald,night,hillary,melania$trump
terrible,party,even,lost,first,like,next,never,convention,look,would,melania,night,hillary,melania$trump
want,party,people,america,even,delegates,going,like,makes,gopconvention,never,trumptrain,would,donald,hillary
donaldtrump,nevertrump,floor,party,america,cant,lost,delegates,going,makes,next,trump2016,never,convention,look,would,clinton,donald,night,gopconvention,pence,melania$trump
