years,elections,bill,that$the,the$first,congress,china,when$he,impeachment,capitol,county,won$the,stolen,did$not,drop,sen
from$the,democrat,voted$to,says$joe,elected,act,biden$is,more$than,there$were,signed,members$of,to$show,voter$fraud,wisconsin,stolen
for$the,don,border,took$office,at$the,russian,barack,capitol,elected,did$not,maricopa,members$of,county,when$he
democrats,oil,won$the,elected,stolen,virginia,county,audit,voter$fraud,ballot,wisconsin,voted,kamala$harris,biden$is,of$president,of$state
vice,jan,mike,kamala,secretary,russian,is$the,federal,stolen,machines,absentee,registered,recall,rolls,won$the,did$not
presidency,lost,supporters,back,united,to$show,machines,stolen,registered,voted,audit,cast,recall,sen,kamala$harris,election$and
id,supreme$court,gas,republicans,country,run,registered,record,absentee,maricopa,voted,machines,virginia,cast,recall,kamala$harris,in$march
the$president,maricopa,sen,ukrainian$president,vaccine,record,at$the,registered,voter$fraud,recall,rolls,voted,virginia,cast,elected
law,march,passed,pennsylvania,federal,recall,working,high,the$state,absentee,machines,elected,voted,maricopa
to$be,american,national,candidate,rescue,registered,president$biden,harris,helped,of$state,rolls,voted
was$the,president$volodymyr,as$president,right$to,trump$was,absentee,democratic,impeachment,and$they,going$to,biden$has,of$state,voter$fraud,wisconsin,results,cast
senate,vice$president,the$state,of$our,on$jan,votes$in,audit,virginia,recall,stolen,voter$fraud,voted,county,in$march,did$not,of$state
maricopa$county,in$ballots,in$maricopa,didn,in$arizona,pipeline,ballots$were,voter$id,dead,election$results,helped,announced,audit$of,because$of,we$ve,more$than,stolen
wisconsin,time,drop,the$united,day,tax,is$not,election$was,the$people,in$march,virginia,voted,cast,county,audit,voter$fraud,laptop
biden$has,machines,voted$against,registered,ballot,audit,virginia,stolen,voter$fraud,because$of,election$and,of$president,results,laptop,sen,dead
volodymyr,zelenskyy,ukrainian,photograph,russian,more$than,absentee,maricopa,county,stolen,machines,in$march,members$of,of$president,military,says$joe
president$trump,and$the,ukraine$president,afghanistan,we$ve,president$biden,at$the,ago,elected,wisconsin,voted,absentee,right$to,of$president,election$and,id,registered
united,military,in$georgia,april,members,in$march,democratic,election$in,back,election$and,cast,maricopa,absentee,of$president
show,office,inauguration,virginia,word,number$of,barack,because$of,took$office,going$to,results,county,voter$fraud,ballot,recall,when$he,rolls
fraud,america,ve,results,border,on$jan,run,machines,registered,rolls,elected,audit,virginia,dead,biden$is,election$and,of$president
