joe$biden,president$joe,joe$bidens,rigged,left,day,2022,former,vice,photograph,office,sen,congress,obama,november,jan,republican,signed,working,announced
trump,donald,tax,stolen,office,oil,trumps,left,rescue,history,photograph,vice,year,sen,second,covid19,national,republican,signed,working
president,history,mail,says$joe,vote,presidency,sen,november,first,2022,members,office,border,audit,capitol,dead,democrat,used,two,mike
election,votes,fraud,mailin$ballots,took$office,laptop,harris,joe,election$results,voter$fraud,former$president,donald$trumps,ukraine$president,president$volodymyr,volodymyr$zelenskyy,donald$trump,president$donald,supporters,united$states,created
bidens,presidential$election,2020$presidential,wisconsin,didnt,zelenskyy,capitol,working,inauguration,year,presidency,left,day,plan,november,first,2022,former,audit,barack
voted,house,ukraine,white,elected,presidency,kamala$harris,united$states,america,signed,states,video$shows,supreme$court,voter$fraud,election$results,donald$trump,president$donald,vice$president,president$biden,ukraine$president
election,presidential,georgia,left,national,voter$fraud,rolls,ukrainian,democratic,2020$election,joe$biden,harris,supreme$court,march$2021,election$results,jan$2021,former$president,vice$president,president$volodymyr,volodymyr$zelenskyy
2020,state,jan,video$shows,machines,secretary,america,supreme$court,donald$trumps,march$2021,former$president,president$donald,president$volodymyr,covid19,says$joe,hunter$biden,united$states,created,jobs,american
2020$election,arizona,republican,years,court,maricopa$county,office,president$trump,march$2021,impeachment,fraud,2020$presidential,volodymyr$zelenskyy,video$shows,mailin$ballots,president$donald,tax,says$joe,inauguration,kamala
president,joe,son,united$states,democratic,presidency,left,2022,results,vice,photograph,second,covid19,former,obama,donald,country,democrat,ever,two
million,jobs,plan,created,volodymyr,american,dont,republicans,rescue,congress,trumps,members,house,ukrainian,results,people,president$biden,biden$said,supreme$court,vice$president
2021,americans,democrat,virginia,vaccine,time,biden$said,day,people,announced,100,maricopa$county,video$shows,election$results,vice$president,ukraine$president,presidential$election,2020$presidential,volodymyr,impeachment
democrats,trump,administration,federal,prices,mike,called,gas,president$biden,supporters,election$results,says$joe,obama,volodymyr$zelenskyy,dead,2020$election,supreme$court,border,march$2021,donald$trump
voter,voters,voting,mailin,president$volodymyr,hunter,registered,covid19,early,illegal,april,dead,maricopa$county,election$results,jan$2021,former$president,president$donald,vice$president,donald$trumps,voter$fraud
joe,biden,military,kamala,results,harris,year,rescue,former,vice,photograph,members,sen,congress,obama,capitol,jan,donald,signed,republicans
vote,people,hunter$biden,passed,act,jan$2021,sen,recall,april,dead,supporters,son,russian,secretary,election$results,donald$trump,president$donald,vice$president,donald$trumps,ukraine$president
biden,states,hunter,year,united,ago,white$house,oil,inauguration,law,early,covid19,volodymyr$zelenskyy,president$biden,ukrainian$president,american,biden$said,joe$bidens,united$states,vaccine
donald$trump,president$donald,former$president,number,white$house,march,audit,first,year,plan,vice,members,congress,rescue,100,years,republicans,federal,democrat,two
ballots,maricopa,drop,law,elections,audit,pipeline,members,time,video$shows,voter$fraud,march$2021,white$house,president$donald,donald$trumps,ukraine$president,president$volodymyr,volodymyr$zelenskyy,president$biden,maricopa$county
shows,video,march,vice,vice$president,2022,absentee,border,russian,photograph,arizona,country,video$shows,march$2021,2020$election,donald$trump,president$donald,volodymyr$zelenskyy,voter$fraud,kamala
